{"0.44414346643783653":{"user_id":1},"0.41976224656940264":{"user_id":1}}